{
  "metadata": {
    "python": "3.9.25",
    "numpy": "2.0.2",
    "scipy": "1.13.1",
    "aggregation_rule": "A time instant counts only when the complete target is hidden from M1, M2 and M3 simultaneously.",
    "cloud_rule": "Every physical cloud is tested against every missile; primary_target_id is reporting-only.",
    "random_seeds": [
      2025
    ]
  },
  "active_bombs": [
    {
      "uav_id": "FY1",
      "smoke_id": 1,
      "primary_target_id": "M1",
      "heading_deg": 179.81879788956584,
      "speed_mps": 110.80396393807064,
      "drop_time_s": 7.903188339865663,
      "fuse_delay_s": 3.020509103031922,
      "burst_time_s": 10.923697442897584,
      "drop_pos_m": [
        16924.299783532188,
        2.769475478129247,
        1800.0
      ],
      "burst_pos_m": [
        16589.617075538794,
        3.8279376496704187,
        1755.2949713166563
      ],
      "individual_by_missile": {
        "M1": {
          "intervals_s": [],
          "duration_s": 0.0
        },
        "M2": {
          "intervals_s": [],
          "duration_s": 0.0
        },
        "M3": {
          "intervals_s": [],
          "duration_s": 0.0
        }
      }
    },
    {
      "uav_id": "FY1",
      "smoke_id": 2,
      "primary_target_id": "M1",
      "heading_deg": 179.81879788956584,
      "speed_mps": 110.80396393807064,
      "drop_time_s": 11.014351848713119,
      "fuse_delay_s": 3.107309075789165,
      "burst_time_s": 14.121660924502283,
      "drop_pos_m": [
        16579.572258259675,
        3.85970522790515,
        1800.0
      ],
      "burst_pos_m": [
        16235.271817312925,
        4.948584287633192,
        1752.6886885068395
      ],
      "individual_by_missile": {
        "M1": {
          "intervals_s": [],
          "duration_s": 0.0
        },
        "M2": {
          "intervals_s": [],
          "duration_s": 0.0
        },
        "M3": {
          "intervals_s": [],
          "duration_s": 0.0
        }
      }
    },
    {
      "uav_id": "FY1",
      "smoke_id": 3,
      "primary_target_id": "M1",
      "heading_deg": 179.81879788956584,
      "speed_mps": 110.80396393807064,
      "drop_time_s": 14.297411010790205,
      "fuse_delay_s": 3.6423183100509506,
      "burst_time_s": 17.939729320841156,
      "drop_pos_m": [
        16215.798108476929,
        5.01017152727903,
        1800.0
      ],
      "burst_pos_m": [
        15812.216820091422,
        6.28653124558972,
        1734.994234908511
      ],
      "individual_by_missile": {
        "M1": {
          "intervals_s": [],
          "duration_s": 0.0
        },
        "M2": {
          "intervals_s": [],
          "duration_s": 0.0
        },
        "M3": {
          "intervals_s": [],
          "duration_s": 0.0
        }
      }
    },
    {
      "uav_id": "FY2",
      "smoke_id": 1,
      "primary_target_id": "M2",
      "heading_deg": 275.6596385522066,
      "speed_mps": 109.75623752029486,
      "drop_time_s": 6.3043137389176085,
      "fuse_delay_s": 2.776430918366576,
      "burst_time_s": 9.080744657284185,
      "drop_pos_m": [
        12068.238049083016,
        711.4352412321086,
        1400.0
      ],
      "burst_pos_m": [
        12098.290206562671,
        408.190103900313,
        1362.2280136421368
      ],
      "individual_by_missile": {
        "M1": {
          "intervals_s": [],
          "duration_s": 0.0
        },
        "M2": {
          "intervals_s": [
            [
              15.25359489480763,
              19.010842523908146
            ]
          ],
          "duration_s": 3.7572476291005152
        },
        "M3": {
          "intervals_s": [],
          "duration_s": 0.0
        }
      }
    },
    {
      "uav_id": "FY2",
      "smoke_id": 2,
      "primary_target_id": "M1",
      "heading_deg": 275.6596385522066,
      "speed_mps": 109.75623752029486,
      "drop_time_s": 9.2596172496869,
      "fuse_delay_s": 3.6286766702818554,
      "burst_time_s": 12.888293919968755,
      "drop_pos_m": [
        12100.226327962313,
        388.65342337668324,
        1400.0
      ],
      "burst_pos_m": [
        12139.503214708055,
        -7.675024031501096,
        1335.4802575505057
      ],
      "individual_by_missile": {
        "M1": {
          "intervals_s": [],
          "duration_s": 0.0
        },
        "M2": {
          "intervals_s": [],
          "duration_s": 0.0
        },
        "M3": {
          "intervals_s": [],
          "duration_s": 0.0
        }
      }
    },
    {
      "uav_id": "FY2",
      "smoke_id": 3,
      "primary_target_id": "M1",
      "heading_deg": 275.6596385522066,
      "speed_mps": 109.75623752029486,
      "drop_time_s": 12.019787286826366,
      "fuse_delay_s": 3.000178867521295,
      "burst_time_s": 15.01996615434766,
      "drop_pos_m": [
        12130.102477258166,
        87.18431912686742,
        1400.0
      ],
      "burst_pos_m": [
        12162.576488117737,
        -240.49883937818618,
        1355.8947411381052
      ],
      "individual_by_missile": {
        "M1": {
          "intervals_s": [],
          "duration_s": 0.0
        },
        "M2": {
          "intervals_s": [],
          "duration_s": 0.0
        },
        "M3": {
          "intervals_s": [],
          "duration_s": 0.0
        }
      }
    },
    {
      "uav_id": "FY3",
      "smoke_id": 1,
      "primary_target_id": "M1",
      "heading_deg": 153.70445193648385,
      "speed_mps": 100.67504461431146,
      "drop_time_s": 6.152404299480937,
      "fuse_delay_s": 3.242183141480234,
      "burst_time_s": 9.394587440961171,
      "drop_pos_m": [
        5444.700740633198,
        -2725.607696552582,
        700.0
      ],
      "burst_pos_m": [
        5152.070118593713,
        -2581.008925554356,
        648.4924175377967
      ],
      "individual_by_missile": {
        "M1": {
          "intervals_s": [],
          "duration_s": 0.0
        },
        "M2": {
          "intervals_s": [],
          "duration_s": 0.0
        },
        "M3": {
          "intervals_s": [],
          "duration_s": 0.0
        }
      }
    },
    {
      "uav_id": "FY3",
      "smoke_id": 2,
      "primary_target_id": "M1",
      "heading_deg": 153.70445193648385,
      "speed_mps": 100.67504461431146,
      "drop_time_s": 8.816950259328145,
      "fuse_delay_s": 3.148745632647953,
      "burst_time_s": 11.965695891976099,
      "drop_pos_m": [
        5204.206077729332,
        -2606.7710811458755,
        700.0
      ],
      "burst_pos_m": [
        4920.008870811155,
        -2466.3395481945768,
        651.4184646103141
      ],
      "individual_by_missile": {
        "M1": {
          "intervals_s": [],
          "duration_s": 0.0
        },
        "M2": {
          "intervals_s": [],
          "duration_s": 0.0
        },
        "M3": {
          "intervals_s": [],
          "duration_s": 0.0
        }
      }
    },
    {
      "uav_id": "FY3",
      "smoke_id": 3,
      "primary_target_id": "M1",
      "heading_deg": 153.70445193648385,
      "speed_mps": 100.67504461431146,
      "drop_time_s": 12.498650871251034,
      "fuse_delay_s": 2.7668301216382236,
      "burst_time_s": 15.265480992889257,
      "drop_pos_m": [
        4871.905805592865,
        -2442.5701830360877,
        700.0
      ],
      "burst_pos_m": [
        4622.179252760651,
        -2319.1717759469984,
        662.4887902821775
      ],
      "individual_by_missile": {
        "M1": {
          "intervals_s": [],
          "duration_s": 0.0
        },
        "M2": {
          "intervals_s": [],
          "duration_s": 0.0
        },
        "M3": {
          "intervals_s": [],
          "duration_s": 0.0
        }
      }
    },
    {
      "uav_id": "FY4",
      "smoke_id": 1,
      "primary_target_id": "M1",
      "heading_deg": 268.0652907099431,
      "speed_mps": 134.5588908790532,
      "drop_time_s": 2.5461149096464704,
      "fuse_delay_s": 11.94177755862206,
      "burst_time_s": 14.48789246826853,