heading_deg,uav_speed_mps,smoke_id,drop_time_s,fuse_delay_s,burst_time_s,drop_x_m,drop_y_m,drop_z_m,burst_x_m,burst_y_m,burst_z_m,individual_full_target_duration_s
179.54034198302347,136.59181129695725,1,0.8650167636044435,4.196676416270791,5.061693179875235,17681.84959571236,0.9478873689863294,1800.0,17108.636409437582,5.546615086273615,1713.700744579871,3.9596374833990744
179.54034198302347,136.59181129695725,2,3.819070208423171,5.3002372134406714,9.119307421863843,17278.363069811654,4.184945961916289,1800.0,16554.417366171194,9.99295815154954,1662.3466788581675,2.423682240872102
179.54034198302347,136.59181129695725,3,9.381249913068045,12.350045699629499,21.731295612697544,16518.639318232646,10.279995338873709,1800.0,14831.778492204416,23.813203962834997,1052.6342189636084,0.0
