uav_id,heading_deg,speed_mps,drop_time_s,fuse_delay_s,burst_time_s,drop_x_m,drop_y_m,drop_z_m,burst_x_m,burst_y_m,burst_z_m
FY1,57.19602245839139,85.07357511824567,0.030180408759972875,0.10635550990122516,0.13653591866119805,17801.391015592617,2.1581046532872836,1800.0,17806.292942992273,9.763247534088414,1799.944573677017
FY2,288.97597941978745,106.51994231457792,8.063841930031659,5.454122421359729,13.517964351391388,12279.309500367606,587.7202172455376,1400.0,12468.225431715451,38.32038848166576,1254.2374882028232
FY3,99.94678940441176,136.69774193825862,17.780708907243593,5.301937792538443,23.082646699782035,5580.156904386609,-605.9523152190036,700.0,5454.966059230704,107.91640414957874,562.2583326558577
