{
  "optimization": {
    "random_seeds": [2025, 2026, 2027],
    "bounds": [
      [150.0, 210.0],
      [70.0, 140.0],
      [0.0, 8.0],
      [0.0, 10.0],
      [0.0, 10.0],
      [0.0, 18.0],
      [0.0, 18.0],
      [0.0, 18.0]
    ],
    "warm_start": [
      176.64108554797772,
      70.0,
      0.0,
      0.0,
      0.0,
      2.4967986905283013,
      6.0,
      9.5
    ],
    "coarse": {
      "n_phi": 16,
      "n_z": 4,
      "n_radial": 3,
      "scan_dt_s": 0.1,
      "population_size": 8,
      "max_iterations": 90,
      "tolerance": 0.0005
    },
    "local": {
      "n_phi": 24,
      "n_z": 5,
      "n_radial": 4,
      "scan_dt_s": 0.04,
      "max_iterations": 900,
      "x_tolerance": 1e-7,
      "f_tolerance": 1e-7
    },
    "interval_refinement": {
      "n_phi": 36,
      "n_z": 7,
      "n_radial": 6,
      "scan_dt_s": 0.02,
      "max_iterations": 1200,
      "x_tolerance": 1e-8,
      "f_tolerance": 1e-9
    }
  },
  "verification": {
    "n_phi": 180,
    "n_z": 31,
    "n_radial": 21,
    "scan_dt_s": 0.002,
    "single_cloud_target_angles": 1440
  },
  "stored_strategy": {
    "heading_deg": 179.54126051657255,
    "uav_speed_mps": 139.36578564895666,
    "drop_times_s": [
      0.0025294912864606087,
      3.6698776166282085,
      11.642237653792334
    ],
    "fuse_delays_s": [
      3.601315511077323,
      5.291630369443325,
      3.3679078994990572
    ]
  }
}
