uav_id,T_M1_s,T_M2_s,T_M3_s
FY1,0.0,0.0,0.0
FY2,0.0,3.7141610457689023,0.0
FY3,0.0,0.0,0.0
FY4,3.658774593749375,0.0,3.3588750368846725
FY5,0.0,0.0,3.597122170661054
