{
  "metadata": {
    "python": "3.9.25",
    "numpy": "2.0.2",
    "scipy": "1.13.1",
    "aggregation_rule": "A time instant counts only when the complete target is hidden from M1, M2 and M3 simultaneously.",
    "cloud_rule": "Every physical cloud is tested against every missile; primary_target_id is reporting-only.",
    "random_seeds": [
      2025
    ]
  },
  "active_bombs": [
    {
      "uav_id": "FY1",
      "smoke_id": 1,
      "primary_target_id": "M1",
      "heading_deg": 179.99015566713166,
      "speed_mps": 99.51098738403746,
      "drop_time_s": 0.037081941676810004,
      "fuse_delay_s": 2.981650317766235,
      "burst_time_s": 3.018732259443045,
      "drop_pos_m": [
        17796.30993942409,
        0.0006340115324343406,
        1800.0
      ],
      "burst_pos_m": [
        17499.602976648748,
        0.0516130218449529,
        1756.437830774566
      ],
      "individual_by_missile": {
        "M1": {
          "intervals_s": [
            [
              5.405609072843562,
              8.369268344142757
            ]
          ],
          "duration_s": 2.9636592712991945
        },
        "M2": {
          "intervals_s": [],
          "duration_s": 0.0
        },
        "M3": {
          "intervals_s": [],
          "duration_s": 0.0
        }
      }
    },
    {
      "uav_id": "FY1",
      "smoke_id": 2,
      "primary_target_id": "M1",
      "heading_deg": 179.99015566713166,
      "speed_mps": 99.51098738403746,
      "drop_time_s": 3.007055500283327,
      "fuse_delay_s": 2.994983092657999,
      "burst_time_s": 6.002038592941326,
      "drop_pos_m": [
        17500.764942465026,
        0.05141337749964751,
        1800.0
      ],
      "burst_pos_m": [
        17202.73122211522,
        0.10262034602197082,
        1756.0473737459943
      ],
      "individual_by_missile": {
        "M1": {
          "intervals_s": [],
          "duration_s": 0.0
        },
        "M2": {
          "intervals_s": [],
          "duration_s": 0.0
        },
        "M3": {
          "intervals_s": [],
          "duration_s": 0.0
        }
      }
    },
    {
      "uav_id": "FY1",
      "smoke_id": 3,
      "primary_target_id": "M1",
      "heading_deg": 179.99015566713166,
      "speed_mps": 99.51098738403746,
      "drop_time_s": 6.070395718116575,
      "fuse_delay_s": 3.0063596438186737,
      "burst_time_s": 9.076755361935248,
      "drop_pos_m": [
        17195.9289371947,
        0.10378908756368649,
        1800.0
      ],
      "burst_pos_m": [
        16896.763125022582,
        0.15519056760048391,
        1755.7128282908905
      ],
      "individual_by_missile": {
        "M1": {
          "intervals_s": [],
          "duration_s": 0.0
        },
        "M2": {
          "intervals_s": [],
          "duration_s": 0.0
        },
        "M3": {
          "intervals_s": [],
          "duration_s": 0.0
        }
      }
    },
    {
      "uav_id": "FY2",
      "smoke_id": 1,
      "primary_target_id": "M2",
      "heading_deg": 275.6172736575721,
      "speed_mps": 108.109129325429,
      "drop_time_s": 6.207283811970197,
      "fuse_delay_s": 3.013576172011045,
      "burst_time_s": 9.220859983981242,
      "drop_pos_m": [
        12065.685721088257,
        732.1584446263388,
        1400.0
      ],
      "burst_pos_m": [
        12097.575502498155,
        407.9278376623466,
        1355.4999574118876
      ],
      "individual_by_missile": {
        "M1": {
          "intervals_s": [],
          "duration_s": 0.0
        },
        "M2": {
          "intervals_s": [
            [
              14.698991760115582,
              18.019220777318466
            ]
          ],
          "duration_s": 3.320229017202884
        },
        "M3": {
          "intervals_s": [],
          "duration_s": 0.0
        }
      }
    },
    {
      "uav_id": "FY2",
      "smoke_id": 2,
      "primary_target_id": "M1",
      "heading_deg": 275.6172736575721,
      "speed_mps": 108.109129325429,
      "drop_time_s": 9.210871184592216,
      "fuse_delay_s": 3.141280652436759,
      "burst_time_s": 12.352151837028975,
      "drop_pos_m": [
        12097.469800630712,
        409.00253241166956,
        1400.0
      ],
      "burst_pos_m": [
        12130.710955868046,
        71.03220266083986,
        1351.6485437268698
      ],
      "individual_by_missile": {
        "M1": {
          "intervals_s": [],
          "duration_s": 0.0
        },
        "M2": {
          "intervals_s": [],
          "duration_s": 0.0
        },
        "M3": {
          "intervals_s": [],
          "duration_s": 0.0
        }
      }
    },
    {
      "uav_id": "FY2",
      "smoke_id": 3,
      "primary_target_id": "M1",
      "heading_deg": 275.6172736575721,
      "speed_mps": 108.109129325429,
      "drop_time_s": 12.297340615239643,
      "fuse_delay_s": 3.1215864742818313,
      "burst_time_s": 15.418927089521475,
      "drop_pos_m": [
        12130.130941366371,
        76.9293410422249,
        1400.0
      ],
      "burst_pos_m": [
        12163.163692036986,
        -258.92209242978004,
        1352.2529196295457
      ],
      "individual_by_missile": {
        "M1": {
          "intervals_s": [],
          "duration_s": 0.0
        },
        "M2": {
          "intervals_s": [],
          "duration_s": 0.0
        },
        "M3": {
          "intervals_s": [],
          "duration_s": 0.0
        }
      }
    },
    {
      "uav_id": "FY3",
      "smoke_id": 1,
      "primary_target_id": "M1",
      "heading_deg": 153.45266630974,
      "speed_mps": 98.08807502304427,
      "drop_time_s": 2.7216876901368052,
      "fuse_delay_s": 3.100663192287193,
      "burst_time_s": 5.822350882423998,
      "drop_pos_m": [
        5761.182242339103,
        -2880.6834184673107,
        700.0
      ],
      "burst_pos_m": [
        5489.110823738358,
        -2744.752858201835,
        652.8908500631775
      ],
      "individual_by_missile": {
        "M1": {
          "intervals_s": [],
          "duration_s": 0.0
        },
        "M2": {
          "intervals_s": [],
          "duration_s": 0.0
        },
        "M3": {
          "intervals_s": [],
          "duration_s": 0.0
        }
      }
    },
    {
      "uav_id": "FY3",
      "smoke_id": 2,
      "primary_target_id": "M1",
      "heading_deg": 153.45266630974,
      "speed_mps": 98.08807502304427,
      "drop_time_s": 5.692686593222419,
      "fuse_delay_s": 3.0002680988321533,
      "burst_time_s": 8.692954692054572,
      "drop_pos_m": [
        5500.4883726423095,
        -2750.437235505838,
        700.0
      ],
      "burst_pos_m": [
        5237.2262421850855,
        -2618.9079147349307,
        655.8921175421375
      ],
      "individual_by_missile": {
        "M1": {
          "intervals_s": [],
          "duration_s": 0.0
        },
        "M2": {
          "intervals_s": [],
          "duration_s": 0.0
        },
        "M3": {
          "intervals_s": [],
          "duration_s": 0.0
        }
      }
    },
    {
      "uav_id": "FY3",
      "smoke_id": 3,
      "primary_target_id": "M1",
      "heading_deg": 153.45266630974,
      "speed_mps": 98.08807502304427,
      "drop_time_s": 8.55854928962627,
      "fuse_delay_s": 2.9814967669931414,
      "burst_time_s": 11.540046056619412,
      "drop_pos_m": [
        5249.0198057676225,
        -2624.8001385985967,
        700.0
      ],
      "burst_pos_m": [
        4987.4047883845205,
        -2494.093737795312,
        656.4423174392062
      ],
      "individual_by_missile": {
        "M1": {
          "intervals_s": [],
          "duration_s": 0.0
        },
        "M2": {
          "intervals_s": [],
          "duration_s": 0.0
        },
        "M3": {
          "intervals_s": [],
          "duration_s": 0.0
        }
      }
    },
    {
      "uav_id": "FY4",
      "smoke_id": 1,
      "primary_target_id": "M1",
      "heading_deg": 267.9461268177794,
      "speed_mps": 135.62784020644514,