uav_id,T_M1_s,T_M2_s,T_M3_s
FY1,4.559662977561179,0.0,0.0
FY2,3.83392262420453,3.895957072554566,2.9361091643438986
FY3,2.639686093810841,2.279646033828037,2.6398421062558626
FY4,3.7168250166189676,3.6555794315102874,3.411349515277525
FY5,3.6520499828316844,3.4164984596812555,3.657299703588599
