heading_deg,uav_speed_mps,smoke_id,drop_time_s,fuse_delay_s,burst_time_s,drop_x_m,drop_y_m,drop_z_m,burst_x_m,burst_y_m,burst_z_m,individual_full_target_duration_s
179.54126051657255,139.36578564895666,1,0.0025294912864604058,3.601315511077323,3.6038450023637836,17799.647486758673,0.002822462651893381,1800.0,17297.763408074225,4.021250429614244,1736.449580289402,3.9886670468306615
179.54126051657255,139.36578564895666,2,3.6698776166282094,5.291630369443325,8.961507986071535,17288.56101587302,4.094931089660724,1800.0,16551.11242950569,9.999449980602689,1662.7933753626069,2.5923768528756703
179.54126051657255,139.36578564895666,3,11.642237653792334,3.3679078994990572,15.010145553291391,16177.52240792948,12.990667782958594,1800.0,15708.166321789582,16.748654344222665,1744.42026226441,0.0
