k,sse,iterations,selected
2,19070371.422600366,14,0
3,7231362.384109658,19,0
4,4740053.464914877,30,1
5,2828472.47088452,40,0
6,2124188.8646155703,61,0
7,1520076.0524801598,133,0
8,1155428.9264452665,105,0
9,929259.3740402324,113,0
10,739218.4242800184,187,0
