uav_id,heading_deg,speed_mps,drop_time_s,fuse_delay_s,burst_time_s,drop_x_m,drop_y_m,drop_z_m,burst_x_m,burst_y_m,burst_z_m
FY1,176.7573362248345,72.12764119705437,1.2377047952290485e-05,2.488477187590921,2.4884895646388734,17799.999108702053,5.049707517051228e-05,1800.0,17620.798493369486,10.152779975563542,1769.656658305514
FY2,289.08722673473534,106.54382729118743,8.082556058587219,5.452369388768732,13.53492544735595,12281.60111586894,586.1977933418115,1400.0,12471.564945736307,37.21920192439052,1254.3311734372467
FY3,100.10431154896162,136.6482160127278,17.783397899865292,5.305091664773556,23.08848956463885,5573.666621007886,-607.6208286657693,700.0,5446.484084349751,106.0667844826288,562.0944118989157
