{
  "metadata": {
    "python": "3.9.25",
    "numpy": "2.0.2",
    "scipy": "1.13.1",
    "aggregation_rule": "A time instant counts only when the complete target is hidden from M1, M2 and M3 simultaneously.",
    "cloud_rule": "Every physical cloud is tested against every missile; primary_target_id is reporting-only.",
    "random_seeds": [
      2025
    ]
  },
  "active_bombs": [
    {
      "uav_id": "FY1",
      "smoke_id": 1,
      "primary_target_id": "M1",
      "heading_deg": 180.0681784585886,
      "speed_mps": 104.49763777226096,
      "drop_time_s": 11.412922179556949,
      "fuse_delay_s": 2.9868023944890787,
      "burst_time_s": 14.399724574046028,
      "drop_pos_m": [
        16607.377436507395,
        -1.4191482710515835,
        1800.0
      ],
      "burst_pos_m": [
        16295.263862760088,
        -1.7905444294959454,
        1756.287156135744
      ],
      "individual_by_missile": {
        "M1": {
          "intervals_s": [],
          "duration_s": 0.0
        },
        "M2": {
          "intervals_s": [],
          "duration_s": 0.0
        },
        "M3": {
          "intervals_s": [],
          "duration_s": 0.0
        }
      }
    },
    {
      "uav_id": "FY1",
      "smoke_id": 2,
      "primary_target_id": "M1",
      "heading_deg": 180.0681784585886,
      "speed_mps": 104.49763777226096,
      "drop_time_s": 14.54426765713542,
      "fuse_delay_s": 3.5306312912522175,
      "burst_time_s": 18.074898948387638,
      "drop_pos_m": [
        16280.1594627145,
        -1.808517746340794,
        1800.0
      ],
      "burst_pos_m": [
        15911.21709413665,
        -2.2475367122000454,
        1738.9197491576303
      ],
      "individual_by_missile": {
        "M1": {
          "intervals_s": [],
          "duration_s": 0.0
        },
        "M2": {
          "intervals_s": [],
          "duration_s": 0.0
        },
        "M3": {
          "intervals_s": [],
          "duration_s": 0.0
        }
      }
    },
    {
      "uav_id": "FY1",
      "smoke_id": 3,
      "primary_target_id": "M1",
      "heading_deg": 180.0681784585886,
      "speed_mps": 104.49763777226096,
      "drop_time_s": 17.57749169538637,
      "fuse_delay_s": 2.3510888316167,
      "burst_time_s": 19.92858052700307,
      "drop_pos_m": [
        15963.194940286934,
        -2.1856862385001827,
        1800.0
      ],
      "burst_pos_m": [
        15717.511885128277,
        -2.478034122590202,
        1772.9146683986514
      ],
      "individual_by_missile": {
        "M1": {
          "intervals_s": [],
          "duration_s": 0.0
        },
        "M2": {
          "intervals_s": [],
          "duration_s": 0.0
        },
        "M3": {
          "intervals_s": [],
          "duration_s": 0.0
        }
      }
    },
    {
      "uav_id": "FY2",
      "smoke_id": 1,
      "primary_target_id": "M2",
      "heading_deg": 275.58930104712243,
      "speed_mps": 110.26222928025625,
      "drop_time_s": 6.083808589064849,
      "fuse_delay_s": 2.9609732582097124,
      "burst_time_s": 9.04478184727456,
      "drop_pos_m": [
        12065.33533857671,
        732.3750189489588,
        1400.0
      ],
      "burst_pos_m": [
        12097.133871931199,
        407.44373840899044,
        1357.0399230844182
      ],
      "individual_by_missile": {
        "M1": {
          "intervals_s": [],
          "duration_s": 0.0
        },
        "M2": {
          "intervals_s": [
            [
              14.870576175814627,
              18.29413564183134
            ]
          ],
          "duration_s": 3.4235594660167123
        },
        "M3": {
          "intervals_s": [],
          "duration_s": 0.0
        }
      }
    },
    {
      "uav_id": "FY2",
      "smoke_id": 2,
      "primary_target_id": "M1",
      "heading_deg": 275.58930104712243,
      "speed_mps": 110.26222928025625,
      "drop_time_s": 8.451327660304372,
      "fuse_delay_s": 3.023642627711503,
      "burst_time_s": 11.474970288015875,
      "drop_pos_m": [
        12090.760638837515,
        472.56821340361455,
        1400.0
      ],
      "burst_pos_m": [
        12123.232192129244,
        140.759721653991,
        1355.2021677734408
      ],
      "individual_by_missile": {
        "M1": {
          "intervals_s": [],
          "duration_s": 0.0
        },
        "M2": {
          "intervals_s": [],
          "duration_s": 0.0
        },
        "M3": {
          "intervals_s": [],
          "duration_s": 0.0
        }
      }
    },
    {
      "uav_id": "FY2",
      "smoke_id": 3,
      "primary_target_id": "M1",
      "heading_deg": 275.58930104712243,
      "speed_mps": 110.26222928025625,
      "drop_time_s": 12.217342399323126,
      "fuse_delay_s": 2.925587091581126,
      "burst_time_s": 15.142929490904251,
      "drop_pos_m": [
        12131.20468707745,
        59.293291622781,
        1400.0
      ],
      "burst_pos_m": [
        12162.623200721628,
        -261.7547817979919,
        1358.060606830912
      ],
      "individual_by_missile": {
        "M1": {
          "intervals_s": [],
          "duration_s": 0.0
        },
        "M2": {
          "intervals_s": [],
          "duration_s": 0.0
        },
        "M3": {
          "intervals_s": [],
          "duration_s": 0.0
        }
      }
    },
    {
      "uav_id": "FY3",
      "smoke_id": 1,
      "primary_target_id": "M1",
      "heading_deg": 153.39487772334908,
      "speed_mps": 100.0936749507776,
      "drop_time_s": 9.195850856958,
      "fuse_delay_s": 4.130987982691551,
      "burst_time_s": 13.32683883964955,
      "drop_pos_m": [
        5177.015705060683,
        -2587.7881348818637,
        700.0
      ],
      "burst_pos_m": [
        4807.3122066871965,
        -2402.6130719525377,
        616.3811976056041
      ],
      "individual_by_missile": {
        "M1": {
          "intervals_s": [],
          "duration_s": 0.0
        },
        "M2": {
          "intervals_s": [],
          "duration_s": 0.0
        },
        "M3": {
          "intervals_s": [],
          "duration_s": 0.0
        }
      }
    },
    {
      "uav_id": "FY3",
      "smoke_id": 2,
      "primary_target_id": "M1",
      "heading_deg": 153.39487772334908,
      "speed_mps": 100.0936749507776,
      "drop_time_s": 12.176123250006839,
      "fuse_delay_s": 2.0413209300059365,
      "burst_time_s": 14.217444180012775,
      "drop_pos_m": [
        4910.295701412019,
        -2454.1948806188047,
        700.0
      ],
      "burst_pos_m": [
        4727.607324614927,
        -2362.69092726513,
        679.5817434175265
      ],
      "individual_by_missile": {
        "M1": {
          "intervals_s": [],
          "duration_s": 0.0
        },
        "M2": {
          "intervals_s": [],
          "duration_s": 0.0
        },
        "M3": {
          "intervals_s": [],
          "duration_s": 0.0
        }
      }
    },
    {
      "uav_id": "FY3",
      "smoke_id": 3,
      "primary_target_id": "M1",
      "heading_deg": 153.39487772334908,
      "speed_mps": 100.0936749507776,
      "drop_time_s": 15.32080256779248,
      "fuse_delay_s": 2.1230776294496465,
      "burst_time_s": 17.443880197242127,
      "drop_pos_m": [
        4628.862071026436,
        -2313.2319456009945,
        700.0
      ],
      "burst_pos_m": [
        4438.856863987655,
        -2218.063178399442,
        677.9134527587192
      ],
      "individual_by_missile": {
        "M1": {
          "intervals_s": [],
          "duration_s": 0.0
        },
        "M2": {
          "intervals_s": [],
          "duration_s": 0.0
        },
        "M3": {
          "intervals_s": [],
          "duration_s": 0.0
        }
      }
    },
    {
      "uav_id": "FY4",
      "smoke_id": 1,
      "primary_target_id": "M1",
      "heading_deg": 267.89968402729096,
      "speed_mps": 136.20769325312602,
      "drop_time_s": 2.3473774541653327,
      "fuse_delay_s": 11.935213147032101,
      "burst_time_s": 14.282590601197434,