uav_id,T_M1_s,T_M2_s,T_M3_s
FY1,2.8,0.0,0.0
FY2,0.0,3.5834462076866718,3.1968913330747633
FY3,0.0,0.0,0.0
FY4,3.5999999999999996,0.0,0.0
FY5,0.5955502965739328,0.0,2.5
