case,feasible,heading_deg,uav_speed_mps,drop_time_s,fuse_delay_s,duration_s,intervals_s
base,True,176.64108554797772,70.0,0.0,2.4967986905283013,4.5428799695274416,"[[2.49679869577498, 7.0396786653024215]]"
heading_minus_0.05_deg,True,176.5910855479777,70.0,0.0,2.4967986905283013,4.516422264386014,"[[2.4967986905283013, 7.013220954914315]]"
heading_plus_0.05_deg,True,176.69108554797774,70.0,0.0,2.4967986905283013,4.542353832325854,"[[2.523530277339856, 7.06588410966571]]"
speed_plus_0.25_mps,True,176.64108554797772,70.25,0.0,2.4967986905283013,4.542606492902165,"[[2.5018371470438385, 7.044443639946003]]"
drop_0.02_s_later_same_burst,True,176.64108554797772,70.0,0.020000000000000018,2.4767986905283013,4.538606333489041,"[[2.5777211785054375, 7.116327511994479]]"
immediate_drop_fuse_minus_0.02_s,True,176.64108554797772,70.0,0.0,2.4767986905283013,4.541471890592578,"[[2.5556510596107964, 7.097122950203374]]"
immediate_drop_fuse_plus_0.02_s,True,176.64108554797772,70.0,0.0,2.5167986905283013,4.464048829710068,"[[2.5167986905283013, 6.980847520238369]]"
