question,heading_deg,uav_speed_mps,drop_time_s,fuse_delay_s,burst_time_s,drop_x_m,drop_y_m,drop_z_m,burst_x_m,burst_y_m,burst_z_m,strict_duration_s,center_line_duration_s
question_1,180.0,120.0,1.4999999999999996,3.6,5.1,17620.0,2.2043642384652352e-14,1800.0,17188.0,7.494838410781801e-14,1736.496,1.3328020494418773,1.3762414831347165
question_2,176.64108554797772,70.0,0.0,2.4967986905283013,2.4967986905283013,17800.0,0.0,1800.0,17625.52433944534,10.24021528246442,1769.4533818649832,4.5428799695274416,4.572671397473783
